year,mean_inflation
2000,12.556284153005466
2001,8.777005347593583
2002,6.098571428571429
2003,6.208736842105262
2004,5.977277486910995
2005,5.795699481865284
2006,6.119067357512954
2007,5.590051813471502
2008,10.884041450777202
2009,4.654870466321244
2010,4.3081865284974095
2011,6.327604166666667
2012,5.58
2013,4.1695360824742265
2014,3.833350515463918
2015,4.116185567010309
2016,6.594742268041236
2017,7.656820512820515
2018,339.688358974359
2019,107.29487179487178
2020,19.832680412371133
